관리기관명,소재지도로명주소,소재지지번주소,설치목적구분,카메라대수,카메라화소수,촬영방면정보,보관일수,설치년월,관리기관전화번호,위도,경도,데이터기준일자
경기도 구리시청,,경기도 구리시 토평동 203-5(구리여고 맞은편),생활방범,4,200,360도전방면,30,Dec-14,031-550-2301,37.588485,127.132861,2017-01-31
경기도 구리시청,,경기도 구리시 사노동 244-1 ㈜금동축산 앞,생활방범,5,200,360도전방면,30,Dec-14,031-550-2301,37.595925,127.139203,2017-01-31
경기도 구리시청,,경기도 구리시 사노동 247 ㈜LK랍코리아 앞,생활방범,3,200,360도전방면,30,Dec-14,031-550-2301,37.59459,127.147074,2017-01-31
경기도 구리시청,,경기도 구리시 사노동 449-2 사노리 나들목 버스정류장 옆,생활방범,3,200,360도전방면,30,Dec-14,031-550-2301,37.593535,127.144527,2017-01-31
경기도 구리시청,,경기도 구리시 수택동 355-8(동부그린),생활방범,4,200,360도전방면,30,Aug-15,031-550-2301,37.606581,127.129586,2017-01-31
경기도 구리시청,,경기도 구리시 교문동 730-4(안골공원),생활방범,5,200,360도전방면,30,Aug-15,031-550-2301,37.601983,127.147387,2017-01-31
경기도 구리시청,,경기도 구리시 수택동 512-12(대우아파트),생활방범,6,200,360도전방면,30,Aug-15,031-550-2301,37.596281,127.15,2017-01-31
경기도 구리시청,,경기도 구리시 수택동 522-86(교문야식),생활방범,4,200,360도전방면,30,Aug-15,031-550-2301,37.596228,127.145331,2017-01-31
경기도 구리시청,,경기도 구리시 교문동 802-10(까치마트),생활방범,5,200,360도전방면,30,Aug-15,031-550-2301,37.598226,127.145026,2017-01-31
경기도 구리시청,,경기도 구리시 수택동 275-3(한뜻교회),생활방범,5,200,360도전방면,30,Aug-15,031-550-2301,37.597067,127.136925,2017-01-31
경기도 구리시청,,경기도 구리시 토평동 982-15(원룸단지),생활방범,5,200,360도전방면,30,Aug-15,031-550-2301,37.598118,127.143864,2017-01-31
경기도 구리시청,,경기도 구리시 토평동 972-7(원룸단지),생활방범,5,200,360도전방면,30,Aug-15,031-550-2301,37.588199,127.157054,2017-01-31
경기도 구리시청,,경기도 구리시 교문동 763-9(대명부근),생활방범,4,200,360도전방면,30,Aug-15,031-550-2301,37.603753,127.143435,2017-01-31
경기도 구리시청,,경기도 구리시 교문동 798-9(버스정류장),생활방범,5,200,360도전방면,30,Aug-15,031-550-2301,37.599008,127.135473,2017-01-31
경기도 구리시청,,경기도 구리시 수택동 456-11(민선마트),생활방범,5,200,360도전방면,30,Aug-15,031-550-2301,37.587759,127.154383,2017-01-31
경기도 구리시청,,경기도 구리시 수택동 479-24(서가산공원앞),생활방범,5,200,360도전방면,30,Aug-15,031-550-2301,37.585375,127.149774,2017-01-31
경기도 구리시청,,경기도 구리시 수택동 854-1(부양공원),생활방범,3,200,360도전방면,30,Aug-15,031-550-2301,37.603613,127.138973,2017-01-31
경기도 구리시청,,경기도 구리시 아천동 314-4(우미네 마을 입구),생활방범,3,200,360도전방면,30,Aug-15,031-550-2301,37.602779,127.136504,2017-01-31
경기도 구리시청,,경기도 구리시 인창동 696(동구동사무소),생활방범,4,200,360도전방면,30,Aug-15,031-550-2301,37.601378,127.148657,2017-01-31
경기도 구리시청,,경기도 구리시 인창동 480-6(천성교회),생활방범,3,200,360도전방면,30,Aug-15,031-550-2301,37.600184,127.144245,2017-01-31
경기도 구리시청,,경기도 구리시 인창동 641-23(수지네 세탁소),생활방범,5,200,360도전방면,30,Aug-15,031-550-2301,37.597041,127.14955,2017-01-31
경기도 구리시청,,경기도 구리시 교문동 328-7(미래유리 앞),생활방범,4,200,360도전방면,30,Aug-15,031-550-2301,37.595653,127.134064,2017-01-31
경기도 구리시청,,경기도 구리시 교문동 339-33(남일주유소 뒤),생활방범,4,200,360도전방면,30,Aug-15,031-550-2301,37.610021,127.134432,2017-01-31
경기도 구리시청,,경기도 구리시 인창동 581(신동흥 C동),생활방범,4,200,360도전방면,30,Aug-15,031-550-2301,37.607657,127.137413,2017-01-31
경기도 구리시청,,경기도 구리시 인창동 392(인창성당 뒤),생활방범,4,200,360도전방면,30,Aug-15,031-550-2301,37.599346,127.133626,2017-01-31
경기도 구리시청,,경기도 구리시 인창동 555-17(인창초교 입구),생활방범,4,200,360도전방면,30,Aug-15,031-550-2301,37.640875,127.115326,2017-01-31
경기도 구리시청,,경기도 구리시 인창동 295-1(교보생명뒤),생활방범,4,200,360도전방면,30,Aug-15,031-550-2301,37.598361,127.135679,2017-01-31
경기도 구리시청,,경기도 구리시 인창동 487-10(새마을터널입구),생활방범,4,200,360도전방면,30,Aug-15,031-550-2301,37.637271,127.141277,2017-01-31
경기도 구리시청,,경기도 구리시 수택동 544 구리초교,생활방범,5,200,360도전방면,30,Aug-15,031-550-2301,37.602302,127.14308,2017-01-31
경기도 구리시청,,경기도 구리시 교문동 197-9 신성정육점,생활방범,5,200,360도전방면,30,Aug-15,031-550-2301,37.591436,127.129188,2017-01-31
경기도 구리시청,,경기도 구리시 수택동 468-1(큰집 부동산),생활방범,5,200,360도전방면,30,Aug-15,031-550-2301,37.592202,127.149854,2017-01-31
경기도 구리시청,,경기도 구리시 아천동 353-17,생활방범,3,200,360도전방면,30,Aug-15,031-550-2301,37.633954,127.139552,2017-01-31
경기도 구리시청,,경기도 구리시 수택동 684-18(시민교회),생활방범,4,200,360도전방면,30,Aug-15,031-550-2301,37.633048,127.140544,2017-01-31
경기도 구리시청,,경기도 구리시 인창동 583-6(건원초교),생활방범,4,200,360도전방면,30,Aug-15,031-550-2301,37.643445,127.140671,2017-01-31
경기도 구리시청,,경기도 구리시 교문동 745-1(흥부네 족발 인근),생활방범,4,200,360도전방면,30,Aug-15,031-550-2301,37.5967,127.133789,2017-01-31
경기도 구리시청,,"경기도 구리시 수택동 370-14 삼거리(이촌말공원 앞, 춘자네)",생활방범,3,200,360도전방면,30,Aug-15,031-550-2301,37.599989,127.136676,2017-01-31
경기도 구리시청,,"경기도 구리시 인창동 521-5(동성교회 앞, EDYA커피숍 인도)",생활방범,4,200,360도전방면,30,Aug-15,031-550-2301,37.608348,127.134668,2017-01-31
경기도 구리시청,,경기도 구리시 수택동 276-55(복지A빌라)),생활방범,5,200,360도전방면,30,Aug-15,031-550-2301,37.593158,127.147839,2017-01-31
경기도 구리시청,,경기도 구리시 토평동 23-59(밀알교회 진입로),생활방범,4,200,360도전방면,30,Aug-15,031-550-2301,37.579881,127.156247,2017-01-31
경기도 구리시청,,경기도 구리시 인창동 619-12(인창초등어린이보호 후문),생활방범,5,200,360도전방면,30,Aug-15,031-550-2301,37.604042,127.130833,2017-01-31
경기도 구리시청,,경기도 구리시 교문동 667-1(두레자연생활방범),생활방범,5,200,360도전방면,30,Aug-15,031-550-2301,37.582148,127.127083,2017-01-31
경기도 구리시청,,경기도 구리시 수택동 374(이촌말공원),생활방범,6,200,360도전방면,30,Aug-15,031-550-2301,37.599415,127.137087,2017-01-31
경기도 구리시청,,경기도 구리시 교문동 799(호수공원),생활방범,4,200,360도전방면,30,Aug-15,031-550-2301,37.59129,127.132234,2017-01-31
경기도 구리시청,,경기도 구리시 토평동 991-1(토평공원),생활방범,3,200,360도전방면,30,Aug-15,031-550-2301,37.590131,127.151562,2017-01-31
경기도 구리시청,,경기도 구리시 인창동 651-2(아름마을공원),생활방범,4,200,360도전방면,30,Aug-15,031-550-2301,37.609981,127.130198,2017-01-31
경기도 구리시청,,경기도 구리시 인창동 669-1(동구하늘공원) - 중앙,생활방범,3,200,360도전방면,30,Aug-15,031-550-2301,37.607143,127.145871,2017-01-31
경기도 구리시청,,경기도 구리시 인창동 669-1(동구하늘공원) - 좌측,생활방범,3,200,360도전방면,30,Aug-15,031-550-2301,37.607143,127.145871,2017-01-31
경기도 구리시청,,경기도 구리시 수택동 211-1(왕숙천어린이물놀이장),생활방범,4,200,360도전방면,30,Aug-15,031-550-2301,37.595072,127.157221,2017-01-31
경기도 구리시청,,경기도 구리시 수택동 436(옥밭굴공원),생활방범,3,200,360도전방면,30,Aug-15,031-550-2301,37.595836,127.140748,2017-01-31
경기도 구리시청,,경기도 구리시 수택동 405-24(부부한의원 입구),생활방범,5,200,360도전방면,30,Dec-15,031-550-2301,37.5996313,127.1419436,2017-01-31
경기도 구리시청,,경기도 구리시 수택동 379-24 방주농산앞(보원장뒷편),생활방범,5,200,360도전방면,30,Dec-15,031-550-2301,37.5979399,127.1396141,2017-01-31
경기도 구리시청,,경기도 구리시 인창동 605-89 아델라 뒷골목,생활방범,5,200,360도전방면,30,Dec-15,031-550-2301,37.6018982,127.134666,2017-01-31
경기도 구리시청,,경기도 구리시 인창동 649-8 인창어린이집,생활방범,6,200,360도전방면,30,Dec-15,031-550-2301,37.6087131,127.12935,2017-01-31
경기도 구리시청,,경기도 구리시 수택동 456(진미용실 앞),생활방범,5,200,360도전방면,30,Dec-15,031-550-2301,37.5950141,127.1435306,2017-01-31
경기도 구리시청,,경기도 구리시 수택동439(쌍용아파트 앞 사거리),생활방범,5,200,360도전방면,30,Dec-15,031-550-2301,37.5935048,127.1390722,2017-01-31
경기도 구리시청,,경기도 구리시 수택동 441-12 신래주택 옆(경북방앗간),생활방범,4,200,360도전방면,30,Dec-15,031-550-2301,37.5935361,127.1402485,2017-01-31
경기도 구리시청,,경기도 구리시 수택동 506-9(하이스트빌),생활방범,5,200,360도전방면,30,Dec-15,031-550-2301,37.5971937,127.1452168,2017-01-31
경기도 구리시청,,경기도 구리시 수택동 521-58(한국육계유통 앞),생활방범,5,200,360도전방면,30,Dec-15,031-550-2301,37.5971937,127.1452168,2017-01-31
경기도 구리시청,,경기도 구리시 교문동 327-42(딸기원 공덕사),생활방범,3,200,360도전방면,30,Dec-15,031-550-2301,37.6042775,127.1195511,2017-01-31
경기도 구리시청,,경기도 구리시 교문동 327-154(딸기원 진솔빌라),생활방범,5,200,360도전방면,30,Dec-15,031-550-2301,37.6023518,127.1210166,2017-01-31
경기도 구리시청,,경기도 구리시 수택동 480-46,생활방범,2,200,360도전방면,30,Dec-15,031-550-2301,37.5956583,127.1454031,2017-01-31
경기도 구리시청,,경기도 구리시 토평동 998-5(태영부동산앞),생활방범,5,200,360도전방면,30,May-16,031-550-2301,37.566535,126.977969,2017-01-31
경기도 구리시청,경기도 구리시 안골로 7번길 38 사거리,,생활방범,5,200,360도전방면,30,May-16,031-550-2301,37.598518,127.131201,2017-01-31
경기도 구리시청,,경기도 구리시 교문동 457(도리미 마을회관),생활방범,4,200,360도전방면,30,May-16,031-550-2301,37.58804,127.128929,2017-01-31
경기도 구리시청,경기도 구리시 경춘로148번길13,,생활방범,5,200,360도전방면,30,May-16,031-550-2301,37.599948,127.131877,2017-01-31
경기도 구리시청,경기도 구리시 건원대로 99번길 55,,생활방범,5,200,360도전방면,30,May-16,031-550-2301,37.607768,127.138252,2017-01-31
경기도 구리시청,경기도 구리시 안골로57번길 36-35,,생활방범,3,200,360도전방면,30,May-16,031-550-2301,37.599081,127.137571,2017-01-31
경기도 구리시청,,경기도 구리시 교문동 340-72 딸기원 코스모그린빌라,생활방범,6,200,360도전방면,30,May-16,031-550-2301,37.59947,127.119105,2017-01-31
경기도 구리시청,경기도 구리시 안골로64번길 7,,생활방범,3,200,360도전방면,30,May-16,031-550-2301,37.596909,127.138464,2017-01-31
경기도 구리시청,,경기도 구리시 수택동 548(남양I 아파트 정문 쪽 ),생활방범,4,200,360도전방면,30,May-16,031-550-2301,37.599859,127.149003,2017-01-31
경기도 구리시청,경기도 구리시 안골로63번길 30,,생활방범,5,200,360도전방면,30,May-16,031-550-2301,37.59874,127.138488,2017-01-31
경기도 구리시청,,경기도 구리시 수택동 543,생활방범,4,200,360도전방면,30,May-16,031-550-2301,37.60036,127.146751,2017-01-31
경기도 구리시청,경기도 구리시 안골로8번길 8-26 초대교회 앞,,생활방범,4,200,360도전방면,30,May-16,031-550-2301,37.595826,127.131344,2017-01-31
경기도 구리시청,경기도 구리시 이문안로 86-1 장애인 종합복지관,,생활방범,4,200,360도전방면,30,May-16,031-550-2301,37.591515,127.141046,2017-01-31
경기도 구리시청,,경기도 구리시 수택동 276-140 한오주택,생활방범,4,200,360도전방면,30,May-16,031-550-2301,37.593146,127.147003,2017-01-31
경기도 구리시청,,경기도 구리시 수택동 752-20 주차장,생활방범,4,200,360도전방면,30,May-16,031-550-2301,37.592885,127.13875,2017-01-31
경기도 구리시청,,경기도 구리시 수택동 253(여성귀갓길)  한양중기,생활방범,5,200,360도전방면,30,May-16,031-550-2301,37.591846,127.157979,2017-01-31
경기도 구리시청,,경기도 구리시 수택동 438-69 일화식당 뒤쪽골목,생활방범,4,200,360도전방면,30,May-16,031-550-2301,37.594103,127.139045,2017-01-31
경기도 구리시청,,경기도 구리시 아천동 154-8,생활방범,4,200,360도전방면,30,May-16,031-550-2301,37.572757,127.119918,2017-01-31
경기도 구리시청,,경기도 구리시 토평동 998 검배사거리,생활방범,5,200,360도전방면,30,May-16,031-550-2301,37.594004,127.150985,2017-01-31
경기도 구리시청,,경기도 구리시 수택동 458-10 가가치킨,생활방범,5,200,360도전방면,30,May-16,031-550-2301,37.594558,127.142267,2017-01-31
경기도 구리시청,경기도 구리시 이문안로 99번길10-11,,생활방범,4,200,360도전방면,30,May-16,031-550-2301,37.592414,127.143106,2017-01-31
경기도 구리시청,경기도 구리시 벌말로129번길60 종합사회복지관 정문앞,,생활방범,3,200,360도전방면,30,May-16,031-550-2301,37.589482,127.145945,2017-01-31
경기도 구리시청,경기도 구리시 검배로60번길 25 왕통큰 치킨 앞(남양시장),,생활방범,5,200,360도전방면,30,May-16,031-550-2301,37.595702,127.144338,2017-01-31
경기도 구리시청,,경기도 구리시 인창동 677 구리역 택시 승강장,생활방범,2,200,360도전방면,30,May-16,031-550-2301,37.602681,127.143779,2017-01-31
경기도 구리시청,경기도 구리시 건원대로 99번길 36-11 동산교회 앞,,생활방범,3,200,360도전방면,30,May-16,031-550-2301,37.60825,127.137624,2017-01-31
경기도 구리시청,,경기도 구리시 인창동 480 우방아파트풍림아이원,생활방범,3,200,360도전방면,30,May-16,031-550-2301,37.613114,127.13633,2017-01-31
경기도 구리시청,,경기도 구리시 교문동 220(교문초 뒤) 덕고개공원,생활방범,3,200,360도전방면,30,Jun-16,031-550-2301,37.598914,127.133182,2017-01-31
경기도 구리시청,,경기도 구리시 교문동 750(윤희유치원앞) 가능골공원,생활방범,5,200,360도전방면,30,Jun-16,031-550-2301,37.595618,127.133359,2017-01-31
경기도 구리시청,,경기도 구리시 수택동 449(서호주택옆)  새말공원,생활방범,3,200,360도전방면,30,Jun-16,031-550-2301,37.592566,127.141065,2017-01-31
경기도 구리시청,,경기도 구리시 수택동 469-5(원일빌라옆 큰집부동산 인근) 원촌공원,생활방범,3,200,360도전방면,30,Jun-16,031-550-2301,37.596394,127.141765,2017-01-31
경기도 구리시청,,경기도 구리시 수택동 477(남양시장) 서가산공원,생활방범,3,200,360도전방면,30,Jun-16,031-550-2301,37.594919,127.145375,2017-01-31
경기도 구리시청,,경기도 구리시 수택동 498-9(구 보건소 뒤)  신대촌공원,생활방범,3,200,360도전방면,30,Jun-16,031-550-2301,37.597304,127.14865,2017-01-31
경기도 구리시청,,경기도 구리시 수택동 526-2(LG증권 뒤)  여울목공원,생활방범,4,200,360도전방면,30,Jun-16,031-550-2301,37.600963,127.142562,2017-01-31
경기도 구리시청,,경기도 구리시 수택동 560(동은예식장옆) 왕산내뜰공원,생활방범,4,200,360도전방면,30,Jun-16,031-550-2301,37.602675,127.147315,2017-01-31
경기도 구리시청,,경기도 구리시 인창동 693(동구동사무소 방향) 원일공원1,생활방범,3,200,360도전방면,30,Jun-16,031-550-2301,37.611794,127.138586,2017-01-31
경기도 구리시청,,경기도 구리시 인창동 693(동구동사무소 인근 도로방향) 원일공원2,생활방범,4,200,360도전방면,30,Jun-16,031-550-2301,37.611782,127.1389693,2017-01-31
경기도 구리시청,,경기도 구리시 토평동 1004(수택초교입구) 개맥이공원,생활방범,3,200,360도전방면,30,Jun-16,031-550-2301,37.592538,127.151518,2017-01-31
경기도 구리시청,,경기도 구리시 토평동 957(토평초교뒤)  새싹공원,생활방범,5,200,360도전방면,30,Jun-16,031-550-2301,37.592538,127.151518,2017-01-31
경기도 구리시청,,경기도 구리시 수택동 839-1 (재난CCTV 목교인근),생활방범,4,200,360도전방면,30,Jun-16,031-550-2301,37.5838745,127.1405893,2017-01-31
경기도 구리시청,,경기도 구리시 수택동 839-1  (장자교 인근),생활방범,5,200,360도전방면,30,Jun-16,031-550-2301,37.582337,127.1395218,2017-01-31
경기도 구리시청,,경기도 구리시 인창동 208-34 (보건소옆),생활방범,3,200,360도전방면,30,Jun-16,031-550-2301,37.6044555,127.1446609,2017-01-31
경기도 구리시청,,경기도 구리시 인창동 208-34 (스케이트장 맞은편),생활방범,4,200,360도전방면,30,Jun-16,031-550-2301,37.6039951,127.1428818,2017-01-31
경기도 구리시청,,경기도 구리시 수택동 684-14 새마을공원,생활방범,5,200,360도전방면,30,Jun-16,031-550-2301,37.592138,127.148072,2017-01-31
경기도 구리시청,,경기도 구리시 수택동 626-4 수누피공원,생활방범,3,200,360도전방면,30,Jun-16,031-550-2301,37.593976,127.144787,2017-01-31
경기도 구리시청,,경기도 구리시 토평동 983 오성공원,생활방범,3,200,360도전방면,30,Jun-16,031-550-2301,37.589173,127.147145,2017-01-31
경기도 구리시청,,경기도 구리시 교문동 418-2 샛다리공원,생활방범,3,200,360도전방면,30,Jun-16,031-550-2301,37.591591,127.128103,2017-01-31
경기도 구리시청,,경기도 구리시 인창동 491(동인초 옆) 아름공원,생활방범,1,200,360도전방면,30,Jun-16,031-550-2301,37.611144,127.133266,2017-01-31
경기도 구리시청,,경기도 구리시 인창동 580-17 신동흥빌라어린이놀이터,생활방범,1,200,360도전방면,30,Jun-16,031-550-2301,37.604431,127.135712,2017-01-31
경기도 구리시청,,경기도 구리시 수택동 437-20(쌍용아파트앞) 옥천공원,생활방범,2,200,360도전방면,30,Jun-16,031-550-2301,37.594645,127.139517,2017-01-31
경기도 구리시청,,경기도 구리시 교문동 728 (교문초교 옆) 안골공원,생활방범,1,200,360도전방면,30,Jun-16,031-550-2301,37.598172,127.131565,2017-01-31
경기도 구리시청,,경기도 구리시 인창동 641-23 샘터어린이놀이터,생활방범,2,200,360도전방면,30,Jun-16,031-550-2301,37.60752,127.129916,2017-01-31
경기도 구리시청,경기도 구리시 아치울길 97-18 사거리,,생활방범,5,200,360도전방면,30,Jul-16,031-550-2301,37.575822,127.112998,2017-01-31
경기도 구리시청,경기도 구리시 원수택로 42번길 19 이화목욕탕 부근,,생활방범,5,200,360도전방면,30,Jul-16,031-550-2301,37.595103,127.141749,2017-01-31
경기도 구리시청,경기도 구리시 수택천로 26 삼상부대찌개 삼거리,,생활방범,4,200,360도전방면,30,Jul-16,031-550-2301,37.598796,127.146002,2017-01-31
경기도 구리시청,경기도 구리시 검배로 13번길 6백련암사거리,,생활방범,5,200,360도전방면,30,Jul-16,031-550-2301,37.599935,127.14249,2017-01-31
경기도 구리시청,경기도 구리시 검배로 29번길 32 금화당 앞 삼거리,,생활방범,3,200,360도전방면,30,Jul-16,031-550-2301,37.599892,127.143819,2017-01-31
경기도 구리시청,경기도 구리시 검배로 15번길 31 성령충만교회 앞 골목사거리,,생활방범,5,200,360도전방면,30,Jul-16,031-550-2301,37.599242,127.143867,2017-01-31
경기도 구리시청,경기도 구리시 벌말로 133-19 공영주차장 뒷(멀티),,생활방범,1,200,360도전방면,30,Oct-16,031-550-2301,37.589223,127.148283,2017-01-31
경기도 구리시청,경기도 구리시 검배로 60번길 75  일우아파트앞(멀티),,생활방범,1,200,360도전방면,30,Oct-16,031-550-2301,37.593929,127.142772,2017-01-31
경기도 구리시청,경기도 구리시 이문안로 139번길 43 다세대주택부근(멀티),,생활방범,1,200,360도전방면,30,Oct-16,031-550-2301,37.592823,127.147444,2017-01-31
경기도 구리시청,경기도 구리시 경춘로 242번길26-16 백련암(멀티),,생활방범,2,200,360도전방면,30,Oct-16,031-550-2301,37.600064,127.142796,2017-01-31
경기도 구리시청,경기도 구리시 경춘로 276번길 17 엄마순대국앞(멀티),,생활방범,2,200,360도전방면,30,Oct-16,031-550-2301,37.602069,127.146173,2017-01-31
경기도 구리시청,경기도 구리시 수택천로 25번길 25-11 교문야식 앞(멀티),,생활방범,2,200,360도전방면,30,Oct-16,031-550-2301,37.599237,127.144646,2017-01-31
경기도 구리시청,경기도 구리시 경춘로 242번길 26 수택슈퍼앞(멀티),,생활방범,2,200,360도전방면,30,Oct-16,031-550-2301,37.600484,127.143409,2017-01-31
경기도 구리시청,경기도 구리시 경춘로 276번길  마스터수학앞(멀티),,생활방범,2,200,360도전방면,30,Oct-16,031-550-2301,37.601117,127.146559,2017-01-31
경기도 구리시청,경기도 구리시 벌말로 225-10 삼승빌라앞(멀티),,생활방범,2,200,360도전방면,30,Oct-16,031-550-2301,37.596721,127.151028,2017-01-31
경기도 구리시청,경기도 구리시 경춘로 242번길 32-12 금화당(멀티),,생활방범,2,200,360도전방면,30,Oct-16,031-550-2301,37.600064,127.143203,2017-01-31
경기도 구리시청,경기도 구리시 검배로 15번길 31 성령충만교회앞 (멀티),,생활방범,2,200,360도전방면,30,Oct-16,031-550-2301,37.599242,127.143867,2017-01-31
경기도 구리시청,,경기도 구리시 토평동 23-3 돌섬마을회관앞(멀티),생활방범,1,200,360도전방면,30,Sep-16,031-550-2301,37.5799,127.154151,2017-01-31
경기도 구리시청,,경기도 구리시 인창동 332 동문굿모닝힐 입구,생활방범,4,200,360도전방면,30,Dec-16,031-550-2301,37.60559,127.138887,2017-01-31
경기도 구리시청,,경기도 구리시 인창동 565-3 인창경로당 건너편,생활방범,5,200,360도전방면,30,Dec-16,031-550-2301,37.603259,127.134055,2017-01-31
경기도 구리시청,,경기도 구리시 수택동 882(토평교),차량방범,2,145,360도전방면,30,Nov-09,031-550-2301,37.594258,127.15531,2017-01-31
경기도 구리시청,,경기도 구리시 토평동 539(코스모스 사거리),차량방범,2,145,360도전방면,30,Nov-09,031-550-2301,37.583017,127.147201,2017-01-31
경기도 구리시청,,경기도 구리시 수택동 555(왕숙교),차량방범,2,145,360도전방면,30,Nov-09,031-550-2301,37.601937,127.148203,2017-01-31
경기도 구리시청,,경기도 구리시 인창동 117(한진그랑빌 A),차량방범,1,145,360도전방면,30,Nov-09,031-550-2301,37.60642,127.130031,2017-01-31
경기도 구리시청,,경기도 구리시 교문동 산 32-1(망우리 고개),차량방범,2,145,360도전방면,30,Nov-09,031-550-2301,37.601286,127.116326,2017-01-31
경기도 구리시청,,경기도 구리시 사노동 391(내양초교 앞),차량방범,3,145,360도전방면,30,Jul-10,031-550-2301,37.634744,127.138903,2017-01-31
경기도 구리시청,,경기도 구리시 인창동 444-11,차량방범,3,145,360도전방면,30,Jun-12,031-550-2301,37.604283,127.134981,2017-01-31
경기도 구리시청,,경기도 구리시 아천동 170,차량방범,3,145,360도전방면,30,Jun-12,031-550-2301,37.569941,127.11664,2017-01-31
경기도 구리시청,,경기도 구리시 인창동 640 북부간선도로 진입로,차량방범,2,145,360도전방면,30,Jun-12,031-550-2301,37.607634,127.131031,2017-01-31
경기도 구리시청,,경기도남양주시 도농동 431-5( 왕숙2교),차량방범,2,145,360도전방면,30,Jun-12,031-550-2301,37.604283,127.134981,2017-01-31
경기도 구리시청,,경기도 구리시 아천동 110-2 아치울삼거리,차량방범,1,145,360도전방면,30,Dec-12,031-550-2301,37.571056,127.124,2017-01-31
경기도 구리시청,,경기도 구리시 인창동 691-1(원일가데라곡아파트앞),차량방범,1,145,360도전방면,30,Dec-12,031-550-2301,37.613091,127.138279,2017-01-31
경기도 구리시청,,경기도 구리시 인창동 79-1(동창교 태능방향),차량방범,2,145,360도전방면,30,Dec-12,031-550-2301,37.614034,127.137487,2017-01-31
경기도 구리시청,경기도 구리시 검배로3(돌다리사거리),경기도 구리시 수택동 528,교통정보수집,1,41,360도전방면,4,Apr-10,031-550-2703,37.600857,127.141406,2017-01-31
경기도 구리시청,경기도 구리시 경춘로283(왕숙교입구),경기도 구리시 인창동 678-8,교통정보수집,1,41,360도전방면,4,Apr-10,031-550-2703,37.603523,127.148033,2017-01-31
경기도 구리시청,경기도 구리시 경춘북로355(갈매동사거리),경기도 구리시 갈매동 18-13,교통정보수집,1,130,360도전방면,7,Oct-12,031-550-2703,37.640926,127.124791,2017-01-31
경기도 구리시청,경기도 구리시 동구릉로502(사노IC),경기도 구리시 사노동 423-9,교통정보수집,1,130,360도전방면,7,Oct-12,031-550-2703,37.641957,127.140953,2017-01-31
경기도 구리시청,경기도 구리시 경춘북로82(중랑구계),경기도 구리시 갈매동 산 69-109,교통정보수집,1,130,360도전방면,7,Oct-12,031-550-2703,37.622994,127.109281,2017-01-31
경기도 구리시청,경기도 구리시 북부간선도로(인창IC),경기도 구리시 인창동 487-13,교통정보수집,1,130,360도전방면,7,Oct-12,031-550-2703,37.611363,127.13057,2017-01-31
경기도 구리시청,경기도 구리시 동구릉로42(인창삼거리),경기도 구리시 인창동 573-2,교통정보수집,1,130,360도전방면,7,Oct-12,031-550-2703,37.603911,127.133688,2017-01-31
경기도 구리시청,경기도 구리시 경춘로77(딸기원동문삼거리),경기도 구리시 교문동 301,교통정보수집,1,130,360도전방면,7,Oct-12,031-550-2703,37.601683,127.124681,2017-01-31
경기도 구리시청,경기도 구리시 아차산로479(삼육고등학교앞),경기도 구리시 교문동 357-5,교통정보수집,1,130,360도전방면,7,Oct-12,031-550-2703,37.59813,127.130522,2017-01-31
경기도 구리시청,경기도 구리시 안골로51(세무서사거리),경기도 구리시 수택1동 476-2,교통정보수집,1,130,360도전방면,7,Oct-12,031-550-2703,37.597702,127.137075,2017-01-31
경기도 구리시청,경기도 구리시 검배로36(수택동사거리),경기도 구리시 수택동 424-28,교통정보수집,1,130,360도전방면,7,Oct-12,031-550-2703,37.598011,127.142705,2017-01-31
경기도 구리시청,경기도 구리시 왕숙천로(반석교회 맞은편),경기도 구리시 수택동 353전,교통정보수집,1,130,360도전방면,7,Oct-12,031-550-2703,37.597886,127.152139,2017-01-31
경기도 구리시청,경기도 구리시 벌말로200(검배사거리),경기도 구리시 수택동 998,교통정보수집,1,130,360도전방면,7,Oct-12,031-550-2703,37.5937,127.151175,2017-01-31
경기도 구리시청,경기도 구리시 검배로(토평교),경기도 구리시 수택동 2-3,교통정보수집,1,130,360도전방면,7,Oct-12,031-550-2703,37.592992,127.16544,2017-01-31
경기도 구리시청,경기도 구리시 벌말로(벌말삼거리),경기도 구리시 수택동 613,교통정보수집,1,130,360도전방면,7,Oct-12,031-550-2703,37.586077,127.147296,2017-01-31
경기도 구리시청,경기도 구리시 아차산로(아치울삼거리),경기도 구리시 교문동 170,교통정보수집,1,130,360도전방면,7,Oct-12,031-550-2703,37.56982,127.120163,2017-01-31
경기도 구리시청,경기도 구리시 강변북로155(아천빗물펌프장),경기도 구리시 교문동 196-2,교통정보수집,1,130,360도전방면,7,Oct-12,031-550-2703,37.567809,127.121048,2017-01-31
경기도 구리시청,경기도 구리시 강변북로(토평삼거리),경기도 구리시 수택동 465-241,교통정보수집,1,130,360도전방면,7,Oct-12,031-550-2703,37.577141,127.145898,2017-01-31
경기도 구리시청,경기도 구리시 강변북로(토평IC),경기도 구리시 수택동 23,교통정보수집,1,130,360도전방면,7,Oct-12,031-550-2703,37.581653,127.159677,2017-01-31
경기도 구리시청,경기도 구리시 경춘로120(교문사거리),경기도 구리시 교문동 273,교통정보수집,1,130,360도전방면,7,Dec-14,031-550-2703,37.600102,127.129599,2017-01-31
경기도 구리시청,경기도 구리시 건원대로 6공(도매시장사거리),경기도 구리시 동구동 6공,교통정보수집,1,130,360도전방면,7,Aug-16,031-550-2703,37.310658,127.138516,2017-01-31
경기도 구리시청,경기도 구리시 경춘로181(중앙예식장사거리),경기도 구리시 교문동 230-1,교통정보수집,1,130,360도전방면,7,Aug-16,031-550-2703,37.601119,127.135036,2017-01-31
경기도 구리시청,경기도 구리시 아차산로2(코스모스길삼거리),경기도 구리시 교문동 77,교통정보수집,1,130,360도전방면,7,Aug-16,031-550-2703,37.578444,127.127283,2017-01-31
경기도 구리시청,경기도 구리시 동구릉로 53번길 42,,교통단속,1,200,360도전방면,30,Jun-15,031-550-2293,37.3619261,127.0806298,2017-01-31
경기도 구리시청,경기도 구리시 동구릉로 103번길 37,,교통단속,1,41,360도전방면,30,Jun-11,031-550-2293,37.3625529,127.0811028,2017-01-31
경기도 구리시청,경기도 구리시 동구릉로 129번길 24,,교통단속,1,41,360도전방면,30,Jun-14,031-550-2293,37.3628588,127.0818548,2017-01-31
경기도 구리시청,경기도 구리시 장자대로 70,,교통단속,1,41,360도전방면,30,Jun-07,031-550-2293,37.3505175,127.0823744,2017-01-31
경기도 구리시청,경기도 구리시 장자호수길 71,,교통단속,1,200,360도전방면,30,Jun-15,031-550-2293,37.3457509,127.0824009,2017-01-31
경기도 구리시청,경기도 구리시 건원대로 34번길 32-29,,교통단속,1,41,360도전방면,30,Jun-12,031-550-2293,37.360031,127.0842669,2017-01-31
경기도 구리시청,경기도 구리시 동구릉로 53번길 42,,교통단속,1,41,360도전방면,30,Jun-11,031-550-2293,37.361609,127.0805171,2017-01-31
경기도 구리시청,경기도 구리시 검배로 104,,교통단속,1,41,360도전방면,30,Jun-11,031-550-2293,37.353002,127.0906017,2017-01-31
경기도 구리시청,경기도 구리시 벌말로 200,,교통단속,1,41,360도전방면,30,Jun-15,031-550-2293,37.3529133,127.0911189,2017-01-31
경기도 구리시청,경기도 구리시 벌말로 215,,교통단속,1,41,360도전방면,30,Jun-14,031-550-2293,37.3533304,127.0911881,2017-01-31
경기도 구리시청,경기도 구리시 장자대로 37번길 61,,교통단속,1,41,360도전방면,30,Jun-14,031-550-2293,37.350602,127.0803702,2017-01-31
경기도 구리시청,경기도 구리시 이문안로 146,,교통단속,1,200,360도전방면,30,Jun-15,031-550-2293,37.3516978,127.0859953,2017-01-31
경기도 구리시청,경기도 구리시 이문안로 136번길 22,,교통단속,1,41,360도전방면,30,Jun-09,031-550-2293,37.3514131,127.0853801,2017-01-31
경기도 구리시청,경기도 구리시 검배로 22,,교통단속,1,41,360도전방면,30,Jun-13,031-550-2293,37.3547659,127.0839701,2017-01-31
경기도 구리시청,경기도 구리시 검배로 29,,교통단속,1,41,360도전방면,30,Jun-12,031-550-2293,37.354509,127.0842413,2017-01-31
경기도 구리시청,경기도 구리시 이문안로 72,,교통단속,1,41,360도전방면,30,Jun-13,031-550-2293,37.3522037,127.0829022,2017-01-31
경기도 구리시청,경기도 구리시 이문안로 81,,교통단속,1,41,360도전방면,30,Jun-13,031-550-2293,37.352167,127.0834715,2017-01-31
경기도 구리시청,경기도 구리시 체육관로 74번길 63,,교통단속,1,200,360도전방면,30,Jun-15,031-550-2293,37.3520528,127.0838847,2017-01-31
경기도 구리시청,경기도 구리시 이문안로 128,,교통단속,1,41,360도전방면,30,Jun-13,031-550-2293,37.35186,127.0850837,2017-01-31
경기도 구리시청,경기도 구리시 수택동 512-6,,교통단속,1,41,360도전방면,30,Jun-13,031-550-2293,37.3544424,127.0849553,2017-01-31
경기도 구리시청,경기도 구리시 수택천로 35번길 20,,교통단속,1,41,360도전방면,30,Jun-14,031-550-2293,37.3549052,127.0904823,2017-01-31
경기도 구리시청,경기도 구리시 이문안로 10,,교통단속,1,41,360도전방면,30,Jun-13,031-550-2293,37.3520474,127.0804348,2017-01-31
경기도 구리시청,경기도 구리시 체육관로 84,,교통단속,1,200,360도전방면,30,Jun-15,031-550-2293,37.3522258,127.0824393,2017-01-31
경기도 구리시청,경기도 구리시 교문동 189-1,,교통단속,1,200,360도전방면,30,Jun-15,031-550-2293,37.3540649,127.0820069,2017-01-31
경기도 구리시청,경기도 구리시 체육관로 153번길 5,,교통단속,1,41,360도전방면,30,Jun-14,031-550-2293,37.354238,127.081908,2017-01-31
경기도 구리시청,경기도 구리시 안골로 98,,교통단속,1,41,360도전방면,30,Jun-12,031-550-2293,37.3540436,127.0837118,2017-01-31
경기도 구리시청,경기도 구리시 검배로 42,,교통단속,1,41,360도전방면,30,Jun-13,031-550-2293,37.3541892,127.084433,2017-01-31
경기도 구리시청,경기도 구리시 안골로 2,,교통단속,1,41,360도전방면,30,Jun-13,031-550-2293,37.3539443,127.0759485,2017-01-31
경기도 구리시청,경기도 구리시 안골로 19번길 16,,교통단속,1,41,360도전방면,30,Jun-11,031-550-2293,37.3542176,127.0806712,2017-01-31
경기도 구리시청,경기도 구리시 안골로 20,,교통단속,1,41,360도전방면,30,Jun-11,031-550-2293,37.3539592,127.0806981,2017-01-31
경기도 구리시청,경기도 구리시 안골로 31,,교통단속,1,41,360도전방면,30,Jun-11,031-550-2293,37.3540431,127.0814953,2017-01-31
경기도 구리시청,경기도 구리시 건원대로 53번길,,교통단속,1,200,360도전방면,30,Jun-15,031-550-2293,37.3610948,127.0829669,2017-01-31
경기도 구리시청,경기도 구리시 건원대로 42,,교통단속,1,200,360도전방면,30,Jun-15,031-550-2293,37.36068,127.0832528,2017-01-31
경기도 구리시청,경기도 구리시 건원대로 34번길 25,,교통단속,1,200,360도전방면,30,Jun-15,031-550-2293,37.3606026,127.0838496,2017-01-31
경기도 구리시청,경기도 구리시 건원대로 36,,교통단속,1,41,360도전방면,30,Jun-13,031-550-2293,37.3604952,127.0832887,2017-01-31
경기도 구리시청,경기도 구리시 동구릉로 85번길 6,,교통단속,1,200,360도전방면,30,Jun-15,031-550-2293,37.3618314,127.0810259,2017-01-31
경기도 구리시청,경기도 구리시 동구릉로 118,,교통단속,1,200,360도전방면,30,Jun-15,031-550-2293,37.3625208,127.0819893,2017-01-31
경기도 구리시청,경기도 구리시 동구릉로 151,,교통단속,1,41,360도전방면,30,Jun-13,031-550-2293,37.3634447,127.0823531,2017-01-31
경기도 구리시청,경기도 구리시 동구릉로 226,,교통단속,1,41,360도전방면,30,Jun-12,031-550-2293,37.3655623,127.0829445,2017-01-31
경기도 구리시청,경기도 구리시 동구릉로 18,,교통단속,1,41,360도전방면,30,Jun-13,031-550-2293,37.3559431,127.0802277,2017-01-31
경기도 구리시청,경기도 구리시 인창1로 19,,교통단속,1,41,360도전방면,30,Jun-11,031-550-2293,37.3611386,127.0802765,2017-01-31
경기도 구리시청,경기도 구리시 인창1로 35,,교통단속,1,41,360도전방면,30,Jun-11,031-550-2293,37.3617503,127.0758774,2017-01-31
경기도 구리시청,경기도 구리시 동구릉로 61,,교통단속,1,41,360도전방면,30,Jun-13,031-550-2293,37.3609992,127.0810271,2017-01-31
경기도 구리시청,경기도 구리시 검배로 42,,교통단속,1,41,360도전방면,30,Jun-12,031-550-2293,37.3552779,127.0835996,2017-01-31
경기도 구리시청,경기도 구리시 경춘로 247,,교통단속,1,200,360도전방면,30,Jun-15,031-550-2293,37.3556416,127.0840954,2017-01-31
경기도 구리시청,경기도 구리시 경춘로 260,,교통단속,1,41,360도전방면,30,Jun-10,031-550-2293,37.3557499,127.0846554,2017-01-31
경기도 구리시청,경기도 구리시 경춘로 209,,교통단속,1,41,360도전방면,30,Jun-13,031-550-2293,37.355225,127.0825672,2017-01-31
경기도 구리시청,경기도 구리시 경춘로 217,,교통단속,1,41,360도전방면,30,Jun-14,031-550-2293,37.3552163,127.0829027,2017-01-31
경기도 구리시청,경기도 구리시 경춘로 214-1,,교통단속,1,41,360도전방면,30,Jun-11,031-550-2293,37.3551169,127.082864,2017-01-31
경기도 구리시청,경기도 구리시 경춘로 229,,교통단속,1,41,360도전방면,30,Jun-11,031-550-2293,37.3553364,127.0834195,2017-01-31
경기도 구리시청,경기도 구리시 경춘로 152,,교통단속,1,41,360도전방면,30,Jun-14,031-550-2293,37.355221,127.0802453,2017-01-31
경기도 구리시청,경기도 구리시 경춘로 167,,교통단속,1,41,360도전방면,30,Jun-10,031-550-2293,37.3552837,127.080969,2017-01-31
경기도 구리시청,경기도 구리시 경춘로 181,,교통단속,1,200,360도전방면,30,Jun-15,031-550-2293,37.3552285,127.08173,2017-01-31
경기도 구리시청,경기도 구리시 경춘로 196,,교통단속,1,41,360도전방면,30,Jun-10,031-550-2293,37.3551428,127.0820632,2017-01-31
경기도 구리시청,,경기도 구리시 인창동 487-50,교통단속,1,200,360도전방면,30,Jun-15,031-550-2293,37.3623024,127.0805877,2017-01-31
경기도 구리시청,,경기도 구리시 인창동 679-1,교통단속,1,200,360도전방면,30,Jun-15,031-550-2293,37.362809,127.0825388,2017-01-31
경기도 구리시청,,경기도 구리시 인창동 383-52,교통단속,1,200,360도전방면,30,Jun-15,031-550-2293,37.3617816,127.0827488,2017-01-31
경기도 구리시청,,경기도 구리시 교문동 231-4,교통단속,1,200,360도전방면,30,Jun-15,031-550-2293,37.3603482,127.0812965,2017-01-31
경기도 구리시청,,경기도 구리시 수택동 417,교통단속,1,200,360도전방면,30,Jun-15,031-550-2293,37.3549104,127.0831882,2017-01-31
경기도 구리시청,,경기도 구리시 교문동 826-1,교통단속,1,200,360도전방면,30,Jun-15,031-550-2293,37.3503612,127.0824021,2017-01-31
경기도 구리시청,,경기도 남양주시 도농동 429-8,교통단속,1,200,360도전방면,30,Jun-16,031-550-2293,37.613937,127.146016,2017-01-31
경기도 구리시청,,경기도 구리시 인창동 153-17,교통단속,1,200,360도전방면,30,Jun-16,031-550-2293,37.611479,127.146474,2017-01-31
경기도 구리시청,,경기도 구리시 교문동 813,교통단속,1,200,360도전방면,30,Jun-16,031-550-2293,37.590036,127.137816,2017-01-31
경기도 구리시청,,경기도 구리시 인창동 314-1(313-31)(윤미마트),생활방범,1,41,360도전방면,30,Dec-08,031-550-2301,37.603394,127.139047,2017-01-31
경기도 구리시청,,경기도 구리시 토평동 1004 개맥이 공원 앞,생활방범,4,130,360도전방면,30,Aug-11,031-550-2301,37.597583,127.151019,2017-01-31
경기도 구리시청,,경기도 구리시 수택동 560(왕산내뜰공원),생활방범,5,130,360도전방면,30,Aug-11,031-550-2301,37.597473,127.131706,2017-01-31
경기도 구리시청,,경기도 구리시 수택동 448-6(새말공원),생활방범,5,130,360도전방면,30,Aug-11,031-550-2301,37.597947,127.144609,2017-01-31
경기도 구리시청,,경기도 구리시 교문동 327-167(딸기원놀이터),생활방범,1,130,360도전방면,30,Aug-11,031-550-2301,37.599163,127.144477,2017-01-31
경기도 구리시청,,경기도 구리시 수택동 479-27(명성위치원앞),생활방범,4,130,360도전방면,30,Aug-11,031-550-2301,37.589284,127.131571,2017-01-31
경기도 구리시청,,경기도 구리시 인창동 610-20(대명아파트),생활방범,5,130,360도전방면,30,Aug-11,031-550-2301,37.593413,127.148803,2017-01-31
경기도 구리시청,,경기도 구리시 수택동 430-14(구리성당),생활방범,5,130,360도전방면,30,Aug-11,031-550-2301,37.589256,127.148118,2017-01-31
경기도 구리시청,,경기도 구리시 수택동 472-11(원촌경로당)-수택동 466-3,생활방범,5,130,360도전방면,30,Aug-11,031-550-2301,37.590705,127.146258,2017-01-31
경기도 구리시청,,경기도 구리시 수택동 437-59(일성아파트 뒷편),생활방범,5,130,360도전방면,30,Aug-11,031-550-2301,37.592673,127.13272,2017-01-31
경기도 구리시청,,경기도 구리시 수택동 454-32 (광덕슈퍼 앞),생활방범,5,130,360도전방면,30,Aug-11,031-550-2301,37.590447,127.131629,2017-01-31
경기도 구리시청,,경기도 구리시 인창동 297-2(충효빌라 철교 밑),생활방범,5,130,360도전방면,30,Aug-11,031-550-2301,37.594183,127.142678,2017-01-31
경기도 구리시청,,경기도 구리시 교문동 327-168(시립딸기원어린이집),생활방범,1,130,360도전방면,30,Dec-11,031-550-2301,37.59512,127.14557,2017-01-31
경기도 구리시청,,경기도 구리시 교문동 744-8(윤희생활방범),생활방범,5,130,360도전방면,30,Dec-11,031-550-2301,37.590414,127.140924,2017-01-31
경기도 구리시청,,경기도 구리시 교문동 226 사거리(홍콩안경 뒤편),생활방범,5,130,360도전방면,30,Apr-12,031-550-2301,37.56246,127.113621,2017-01-31
경기도 구리시청,,경기도 구리시 수택동 419 정학사 앞 사거리,생활방범,5,130,360도전방면,30,Apr-12,031-550-2301,37.611606,127.138924,2017-01-31
경기도 구리시청,,경기도 구리시 수택동 382 KT뒷골목 사거리,생활방범,5,130,360도전방면,30,Apr-12,031-550-2301,37.612453,127.135611,2017-01-31
경기도 구리시청,,경기도 구리시 수택동 373-10 (꽃길)(온누리약국),생활방범,5,130,360도전방면,30,Apr-12,031-550-2301,37.60752,127.129916,2017-01-31
경기도 구리시청,,경기도 구리시 수택동 525-12(용궁수산 뒤편),생활방범,5,130,360도전방면,30,Apr-12,031-550-2301,37.602598,127.120903,2017-01-31
경기도 구리시청,,경기도 구리시 수택동 460(성림빌라),생활방범,5,130,360도전방면,30,Apr-12,031-550-2301,37.600037,127.118122,2017-01-31
경기도 구리시청,,경기도 구리시 수택동 651 잉꼬빌라 정문,생활방범,5,130,360도전방면,30,Apr-12,031-550-2301,37.604836,127.135519,2017-01-31
경기도 구리시청,,경기도 구리시 토평동 970-6 (의정부 부대고기),생활방범,4,130,360도전방면,30,Apr-12,031-550-2301,37.606398,127.137475,2017-01-31
경기도 구리시청,,경기도 구리시 토평동 986-4(토평초 삼거리),생활방범,4,130,360도전방면,30,Apr-12,031-550-2301,37.603701,127.132477,2017-01-31
경기도 구리시청,,경기도 구리시 인창동 307-11(성림연립)(S마트),생활방범,5,130,360도전방면,30,Apr-12,031-550-2301,37.601434,127.138473,2017-01-31
경기도 구리시청,,경기도 구리시 인창동 244-2 (구리역 자전거 보관대),생활방범,5,130,360도전방면,30,Apr-12,031-550-2301,37.611702,127.12995,2017-01-31
경기도 구리시청,,경기도 구리시 토평동 974(토평중-원룸)사당사거리,생활방범,5,130,360도전방면,30,Apr-12,031-550-2301,37.600001,127.14784,2017-01-31
경기도 구리시청,,경기도 구리시 수택동 496 사거리(신대촌공원),생활방범,5,130,360도전방면,30,Apr-12,031-550-2301,37.599473,127.131852,2017-01-31
경기도 구리시청,,경기도 구리시 교문동 256(한양대병원 뒤편),생활방범,4,130,360도전방면,30,Apr-12,031-550-2301,37.596195,127.141655,2017-01-31
경기도 구리시청,,경기도 구리시 수택동 501-14(유현아파트),생활방범,4,130,360도전방면,30,Apr-12,031-550-2301,37.574951,127.117894,2017-01-31
경기도 구리시청,,경기도 구리시 수택동 515(주택슈퍼),생활방범,5,130,360도전방면,30,Apr-12,031-550-2301,37.59202,127.147871,2017-01-31
경기도 구리시청,,경기도 구리시 수택동 537(복개천 놀이터)-새롬공원 앞,생활방범,7,130,360도전방면,30,Apr-12,031-550-2301,37.606235,127.135415,2017-01-31
경기도 구리시청,,경기도 구리시 수택동 479-11(대원빌라),생활방범,4,130,360도전방면,30,Apr-12,031-550-2301,37.592538,127.151518,2017-01-31
경기도 구리시청,,경기도 구리시 교문동 738-10(동남지물)(하이탑공부방),생활방범,5,130,360도전방면,30,Apr-12,031-550-2301,37.602675,127.147315,2017-01-31
경기도 구리시청,,경기도 구리시교문동 753(이문안저수지),생활방범,5,130,360도전방면,30,Apr-12,031-550-2301,37.59235,127.140297,2017-01-31
경기도 구리시청,,경기도 구리시 교문동 758-10(윤정희공인중개사),생활방범,5,130,360도전방면,30,Apr-12,031-550-2301,37.603221,127.120002,2017-01-31
경기도 구리시청,,경기도 구리시 인창동 584(양지슈퍼),생활방범,4,130,360도전방면,30,Apr-12,031-550-2301,37.595383,127.145893,2017-01-31
경기도 구리시청,,경기도 구리시 인창동 669-2(인창고교),생활방범,4,130,360도전방면,30,Apr-12,031-550-2301,37.602402,127.133703,2017-01-31
경기도 구리시청,,경기도 구리시 인창동 280-4(쌍용슈퍼),생활방범,4,130,360도전방면,30,Apr-12,031-550-2301,37.596904,127.139631,2017-01-31
경기도 구리시청,,경기도 구리시 수택동 611-2(성경하이마트),생활방범,5,130,360도전방면,30,Apr-12,031-550-2301,37.595887,127.143292,2017-01-31
경기도 구리시청,,경기도 구리시 교문동 823-1(장자중어린이보호 삼거리),생활방범,4,130,360도전방면,30,Jun-12,031-550-2301,37.595551,127.138201,2017-01-31
경기도 구리시청,,경기도 구리시 인창동 514-2(건원초교어린이보호 정문),생활방범,3,130,360도전방면,30,Jun-12,031-550-2301,37.593445,127.145033,2017-01-31
경기도 구리시청,,경기도 구리시 인창동 681-1(구지초교어린이보호),생활방범,4,130,360도전방면,30,Jun-12,031-550-2301,37.601796,127.137837,2017-01-31
경기도 구리시청,,경기도 구리시 사노동 309-7(내양초교어린이보호),생활방범,4,130,360도전방면,30,Jun-12,031-550-2301,37.60312,127.120335,2017-01-31
경기도 구리시청,,경기도 구리시 교문동 754-3(도림초교어린이보호),생활방범,5,130,360도전방면,30,Jun-12,031-550-2301,37.595887,127.133348,2017-01-31
경기도 구리시청,,경기도 구리시 인창동 681-1(동구초교어린이보호),생활방범,5,130,360도전방면,30,Jun-12,031-550-2301,37.599874,127.134472,2017-01-31
경기도 구리시청,,경기도 구리시 교문동 811(백문초교어린이보호 정문),생활방범,4,130,360도전방면,30,Jun-12,031-550-2301,37.598866,127.140891,2017-01-31
경기도 구리시청,,경기도 구리시 수택동 865(부양초교어린이보호),생활방범,4,130,360도전방면,30,Jun-12,031-550-2301,37.599697,127.138379,2017-01-31
경기도 구리시청,,경기도 구리시 토평동 1004-1 성광교회 앞,생활방범,3,130,360도전방면,30,Jun-12,031-550-2301,37.599059,127.136865,2017-01-31
경기도 구리시청,,경기도 구리시 교문동 823-1(장자초교어린이보호),생활방범,3,130,360도전방면,30,Jun-12,031-550-2301,37.600634,127.143139,2017-01-31
경기도 구리시청,,경기도 구리시 인창동 491 아름공원 앞,생활방범,4,130,360도전방면,30,Sep-12,031-550-2301,37.594288,127.141451,2017-01-31
경기도 구리시청,,경기도 구리시 토평동(토평공원),생활방범,5,130,360도전방면,30,Sep-12,031-550-2301,37.596228,127.14672,2017-01-31
경기도 구리시청,,경기도 구리시 토평동 1007(수택초교 정문),생활방범,4,130,360도전방면,30,Sep-12,031-550-2301,37.59011,127.1475,2017-01-31
경기도 구리시청,,"경기도 구리시 인창동509-1( 현대홈타운 101동,인창공원입구)",생활방범,4,130,360도전방면,30,Sep-12,031-550-2301,37.58823,127.1475,2017-01-31
경기도 구리시청,,경기도 구리시 인창동 546-9(인창초교 후문),생활방범,3,130,360도전방면,30,Sep-12,031-550-2301,37.60322,127.13756,2017-01-31
경기도 구리시청,,경기도 구리시 수택동 553(구리초교),생활방범,5,130,360도전방면,30,Sep-12,031-550-2301,37.6033,127.1436,2017-01-31
경기도 구리시청,,경기도 구리시 토평동 983(사회복지관앞),생활방범,5,130,360도전방면,30,Dec-12,031-550-2301,37.59011,127.14524,2017-01-31
경기도 구리시청,,경기도 구리시 교문동 75-17(도림초교어린이보호_GS편의점),생활방범,5,130,360도전방면,30,Dec-12,031-550-2301,37.59714,127.14853,2017-01-31
경기도 구리시청,,경기도 구리시 인창동 485-5  동인초교어린이보호,생활방범,4,130,360도전방면,30,Dec-12,031-550-2301,37.61466,127.1326,2017-01-31
경기도 구리시청,,경기도 구리시 아천동 381-3,생활방범,4,130,360도전방면,30,Dec-12,031-550-2301,37.59792,127.14672,2017-01-31
경기도 구리시청,,경기도 구리시 수택동 854-1 부양초후문,생활방범,5,130,360도전방면,30,Jun-13,031-550-2301,37.59916,127.14324,2017-01-31
경기도 구리시청,,경기도 구리시 인창동 580-17(신동흥놀이터),생활방범,4,130,360도전방면,30,Jun-13,031-550-2301,37.60092,127.14509,2017-01-31
경기도 구리시청,,경기도 구리시 수택동 417(경기도 구리시장 주차타워 입구),생활방범,1,200,360도전방면,30,Oct-13,031-550-2301,37.59454,127.14646,2017-01-31
경기도 구리시청,,경기도 구리시 교문동 725(교문초교 뒤),생활방범,1,200,360도전방면,30,Oct-13,031-550-2301,37.59684,127.13295,2017-01-31
경기도 구리시청,,경기도 구리시 아천동 137(아치울 마을 입구),생활방범,1,200,360도전방면,30,Oct-13,031-550-2301,37.59563,127.13159,2017-01-31
경기도 구리시청,,경기도 구리시 교문동 314-33(딸기원 슈퍼),생활방범,1,200,360도전방면,30,Oct-13,031-550-2301,37.59381,127.13402,2017-01-31
경기도 구리시청,,경기도 구리시 수택동 559-52(GS편의점),생활방범,1,200,360도전방면,30,Oct-13,031-550-2301,37.60471,127.13664,2017-01-31
경기도 구리시청,,경기도 구리시 수택동 544-11(남양아이좋은집 아파트),생활방범,4,200,360도전방면,30,Sep-13,031-550-2301,37.6063,127.14667,2017-01-31
경기도 구리시청,,경기도 구리시 수택동 440(쌍용아파트 101동),생활방범,4,200,360도전방면,30,Sep-13,031-550-2301,37.60086,127.14017,2017-01-31
경기도 구리시청,,경기도 구리시 인창동 605-166(교문교회),생활방범,4,200,360도전방면,30,Sep-13,031-550-2301,37.59334,127.14282,2017-01-31
경기도 구리시청,,"경기도 구리시 인창동 383-45(대성빌라 1동),오케이마트",생활방범,5,200,360도전방면,30,Sep-13,031-550-2301,37.58642,127.1346,2017-01-31
경기도 구리시청,,경기도 구리시 수택동 425-3호(축산정육점),생활방범,5,200,360도전방면,30,Sep-13,031-550-2301,37.6069,127.13525,2017-01-31
경기도 구리시청,,경기도 구리시 수택동 379(까페골목),생활방범,5,200,360도전방면,30,Sep-13,031-550-2301,37.60708,127.14155,2017-01-31
경기도 구리시청,,경기도 구리시 수택동 665-1(선화학원),생활방범,5,200,360도전방면,30,Sep-13,031-550-2301,37.63604,127.13809,2017-01-31
경기도 구리시청,,경기도 구리시 교문동 755-2 이문안저수지 생활방범,생활방범,5,200,360도전방면,30,Sep-13,031-550-2301,37.59508,127.1314,2017-01-31
경기도 구리시청,,경기도 구리시 수택동 276-60 동남연립 앞,생활방범,4,200,360도전방면,30,Sep-13,031-550-2301,37.60708,127.14155,2017-01-31
경기도 구리시청,,경기도 구리시 수택동 454-15 광진주택(동산빌라 앞),생활방범,4,200,360도전방면,30,Sep-13,031-550-2301,37.5898,127.13252,2017-01-31
경기도 구리시청,,경기도 구리시 수택동 279-8 혜성칼국수 앞,생활방범,5,200,360도전방면,30,Sep-13,031-550-2301,37.58947,127.1425,2017-01-31
경기도 구리시청,,경기도 구리시 인창동 309-13 지용주택 앞,생활방범,4,200,360도전방면,30,Sep-13,031-550-2301,37.59225,127.15156,2017-01-31
경기도 구리시청,,경기도 구리시 수택동 346-3 삼승빌라 앞,생활방범,5,200,360도전방면,30,Sep-13,031-550-2301,37.58642,127.1346,2017-01-31
경기도 구리시청,,경기도 구리시 교문동 739-14 버스정류장(경기도 구리시청),생활방범,4,200,360도전방면,30,Sep-13,031-550-2301,37.61114,127.13327,2017-01-31
경기도 구리시청,,경기도 구리시 교문동 217 협신공업사앞 사거리,생활방범,5,200,360도전방면,30,Sep-13,031-550-2301,37.58967,127.14981,2017-01-31
경기도 구리시청,,경기도 구리시 수택동 404-9 씨티은행 뒷골목,생활방범,5,200,360도전방면,30,Sep-13,031-550-2301,37.59188,127.15245,2017-01-31
경기도 구리시청,,경기도 구리시 교문동 808-1 백문초등어린이보호 후문 삼거리,생활방범,4,200,360도전방면,30,Sep-13,031-550-2301,37.60828,127.13618,2017-01-31
경기도 구리시청,,경기도 구리시 수택동 437 일화정문,생활방범,5,200,360도전방면,30,Sep-13,031-550-2301,37.60465,127.13151,2017-01-31
경기도 구리시청,,경기도 구리시 수택동 584-3 열린약국 앞,생활방범,5,200,360도전방면,30,Sep-13,031-550-2301,37.60121,127.14769,2017-01-31
경기도 구리시청,,경기도 구리시 수택동 626-49 수누피공원 앞,생활방범,5,200,360도전방면,30,Sep-13,031-550-2301,37.58917,127.14714,2017-01-31
경기도 구리시청,,경기도 구리시 인창동 632-3 한창그린@ 입구,생활방범,4,200,360도전방면,30,Sep-13,031-550-2301,37.59053,127.12757,2017-01-31
경기도 구리시청,,경기도 구리시 수택동 557-11 원일슈퍼,생활방범,5,200,360도전방면,30,Sep-13,031-550-2301,37.61102,127.13486,2017-01-31
경기도 구리시청,,경기도 구리시 수택동 329 매일유업,생활방범,3,200,360도전방면,30,Sep-13,031-550-2301,37.57602,127.11546,2017-01-31
경기도 구리시청,,경기도 구리시 수택동 290 휴대폰쇼핑몰,생활방범,5,200,360도전방면,30,Sep-13,031-550-2301,37.59041,127.14092,2017-01-31
경기도 구리시청,,경기도 구리시 수택동 512-8 동진주택 앞,생활방범,4,200,360도전방면,30,Sep-13,031-550-2301,37.60443,127.13571,2017-01-31
경기도 구리시청,,경기도 구리시 교문동 안골로52(187-1) 세무서사거리,생활방범,5,200,360도전방면,30,Dec-13,031-550-2301,37.59966,127.13978,2017-01-31
경기도 구리시청,,경기도 구리시 수택동 검배로37(515-53) 수택사거리,생활방범,5,200,360도전방면,30,Dec-13,031-550-2301,37.59838,127.13272,2017-01-31
경기도 구리시청,,경기도 구리시 토평동 86-3(구리TG 인근),생활방범,3,200,360도전방면,30,Dec-13,031-550-2301,37.57302,127.12339,2017-01-31
경기도 구리시청,,경기도 구리시 인창동 208-38(구리역후문),생활방범,4,200,360도전방면,30,Dec-13,031-550-2301,37.60209,127.12144,2017-01-31
경기도 구리시청,,경기도 구리시 교문동 225-39(튼튼병원뒤),생활방범,5,200,360도전방면,30,Sep-14,031-550-2301,37.602294,127.146026,2017-01-31
경기도 구리시청,,경기도 구리시 토평동 138-1 (토평동63 수목원가든),생활방범,5,200,360도전방면,30,Sep-14,031-550-2301,37.600169,127.148659,2017-01-31
경기도 구리시청,,경기도 구리시 토평동 293(월드비젼교회),생활방범,4,200,360도전방면,30,Sep-14,031-550-2301,37.594029,127.139644,2017-01-31
경기도 구리시청,,경기도 구리시 인창동 314-8(현충탑앞),생활방범,4,200,360도전방면,30,Sep-14,031-550-2301,37.602183,127.135182,2017-01-31
경기도 구리시청,,경기도 구리시 인창동 594-10(신암빌라 가동 앞),생활방범,5,200,360도전방면,30,Sep-14,031-550-2301,37.608624,127.137947,2017-01-31
경기도 구리시청,,경기도 구리시 수택동 552-1(원일아파트 라동),생활방범,4,200,360도전방면,30,Sep-14,031-550-2301,37.59829,127.142099,2017-01-31
경기도 구리시청,,경기도 구리시 수택동 521-13(구리 세탁소),생활방범,5,200,360도전방면,30,Sep-14,031-550-2301,37.597877,127.138269,2017-01-31
경기도 구리시청,,"경기도 구리시 수택동 498-25(잉꼬마트,친구사이어린이집)",생활방범,5,200,360도전방면,30,Sep-14,031-550-2301,37.592669,127.145615,2017-01-31
경기도 구리시청,,경기도 구리시 교문동 748-17(행복마트),생활방범,5,200,360도전방면,30,Sep-14,031-550-2301,37.594727,127.133073,2017-01-31
경기도 구리시청,,경기도 구리시 인창동 495-3(동인초교 정문 사거리),생활방범,5,200,360도전방면,30,Sep-14,031-550-2301,37.592651,127.14714,2017-01-31
경기도 구리시청,,경기도 구리시 인창동 395-4(동부그린타운),생활방범,4,200,360도전방면,30,Sep-14,031-550-2301,37.59408,127.144721,2017-01-31
경기도 구리시청,,경기도 구리시 교문동 219-26(219-18)(영덕식당),생활방범,5,200,360도전방면,30,Sep-14,031-550-2301,37.594351,127.148046,2017-01-31
경기도 구리시청,,경기도 구리시 갈매동 211-8(담터농협 앞),생활방범,5,200,360도전방면,30,Sep-14,031-550-2301,37.604006,127.137563,2017-01-31
경기도 구리시청,,경기도 구리시 교문동 229-28(산직골 식당),생활방범,4,200,360도전방면,30,Sep-14,031-550-2301,37.596399,127.150827,2017-01-31
경기도 구리시청,,경기도 구리시 사노동 360-5(에이스건설),생활방범,5,200,360도전방면,30,Sep-14,031-550-2301,37.595826,127.131344,2017-01-31
경기도 구리시청,,경기도 구리시 인창동 19(한진그랑빌A 입구),생활방범,4,200,360도전방면,30,Sep-14,031-550-2301,37.599876,127.133356,2017-01-31
경기도 구리시청,,경기도 구리시 교문동 422-10(정각사입구),생활방범,4,200,360도전방면,30,Oct-14,031-550-2301,37.600231,127.140739,2017-01-31
